15 Møre og Romsdal,Møre og Romsdal,15,1525 Stranda,Stranda,1525
16 Sør-Trøndelag,Sør-Trøndelag,16,1640 Røros,Røros,1640
17 Nord-Trøndelag,Nord-Trøndelag,17,1717 Frosta,Frosta,1717
17 Nord-Trøndelag,Nord-Trøndelag,17,1740 Namsskogan,Namsskogan,1740
17 Nord-Trøndelag,Nord-Trøndelag,17,1742 Grong,Grong,1742
17 Nord-Trøndelag,Nord-Trøndelag,17,1750 Vikna,Vikna,1750
18 Nordland,Nordland,18,1818 Herøy,Herøy,1818
18 Nordland,Nordland,18,1839 Beiarn,Beiarn,1839
18 Nordland,Nordland,18,1871 Andøy,Andøy,1871
10 Vest-Agder,Vest-Agder,10,1018 Søgne,Søgne,1018
10 Vest-Agder,Vest-Agder,10,1027 Audnedal,Audnedal,1027
10 Vest-Agder,Vest-Agder,10,1037 Kvinesdal,Kvinesdal,1037
11 Rogaland,Rogaland,11,1119 Hå,Hå,1119
11 Rogaland,Rogaland,11,1120 Klepp,Klepp,1120
11 Rogaland,Rogaland,11,1130 Strand,Strand,1130
11 Rogaland,Rogaland,11,1134 Suldal,Suldal,1134
11 Rogaland,Rogaland,11,1144 Kvitsøy,Kvitsøy,1144
12 Hordaland,Hordaland,12,1216 Sveio,Sveio,1216
12 Hordaland,Hordaland,12,1232 Eidfjord,Eidfjord,1232
12 Hordaland,Hordaland,12,1233 Ulvik,Ulvik,1233
12 Hordaland,Hordaland,12,1241 Fusa,Fusa,1241
14 Sogn og Fjordane,Sogn og Fjordane,14,1420 Sogndal,Sogndal,1420
14 Sogn og Fjordane,Sogn og Fjordane,14,1428 Askvoll,Askvoll,1428
14 Sogn og Fjordane,Sogn og Fjordane,14,1429 Fjaler,Fjaler,1429
15 Møre og Romsdal,Møre og Romsdal,15,1502 Molde,Molde,1502
05 Oppland,Oppland,05,0536 Søndre Land,Søndre Land,0536
06 Buskerud,Buskerud,06,0620 Hol,Hol,0620
06 Buskerud,Buskerud,06,0622 Krødsherad,Krødsherad,0622
06 Buskerud,Buskerud,06,0624 Øvre Eiker,Øvre Eiker,0624
07 Vestfold,Vestfold,07,0701 Horten,Horten,0701
08 Telemark,Telemark,08,0811 Siljan,Siljan,0811
08 Telemark,Telemark,08,0830 Nissedal,Nissedal,0830
09 Aust-Agder,Aust-Agder,09,0906 Arendal,Arendal,0906
09 Aust-Agder,Aust-Agder,09,0926 Lillesand,Lillesand,0926
01 Østfold,Østfold,01,0136 Rygge,Rygge,0136
01 Østfold,Østfold,01,0137 Våler,Våler,0137
02 Akershus,Akershus,02,0211 Vestby,Vestby,0211
05 Oppland,Oppland,05,0501 Lillehammer,Lillehammer,0501
19 Troms,Troms,19,1931 Lenvik,Lenvik,1931
20 Finnmark,Finnmark,20,2003 Vadsø,Vadsø,2003
20 Finnmark,Finnmark,20,2030 Sør-Varanger,Sør-Varanger,2030
01 Østfold,Østfold,01,0118 Aremark,Aremark,0118
02 Akershus,Akershus,02,0216 Nesodden,Nesodden,0216
19 Troms,Troms,19,1936 Karlsøy,Karlsøy,1936
15 Møre og Romsdal,Møre og Romsdal,15,1515 Herøy,Herøy,1515
15 Møre og Romsdal,Møre og Romsdal,15,1516 Ulstein,Ulstein,1516
16 Sør-Trøndelag,Sør-Trøndelag,16,1633 Osen,Osen,1633
20 Finnmark,Finnmark,20,2028 Båtsfjord,Båtsfjord,2028
05 Oppland,Oppland,05,0513 Skjåk,Skjåk,0513
05 Oppland,Oppland,05,0512 Lesja,Lesja,0512
12 Hordaland,Hordaland,12,1250 Arna,Arna,1250
15 Møre og Romsdal,Møre og Romsdal,15,1520 Ørsta,Ørsta,1520
15 Møre og Romsdal,Møre og Romsdal,15,1523 Ørskog,Ørskog,1523
15 Møre og Romsdal,Møre og Romsdal,15,1534 Haram,Haram,1534
15 Møre og Romsdal,Møre og Romsdal,15,1543 Nesset,Nesset,1543
15 Møre og Romsdal,Møre og Romsdal,15,1548 Fræna,Fræna,1548
15 Møre og Romsdal,Møre og Romsdal,15,1566 Surnadal,Surnadal,1566
15 Møre og Romsdal,Møre og Romsdal,15,1573 Smøla,Smøla,1573
16 Sør-Trøndelag,Sør-Trøndelag,16,1638 Orkdal,Orkdal,1638
16 Sør-Trøndelag,Sør-Trøndelag,16,1644 Holtålen,Holtålen,1644
16 Sør-Trøndelag,Sør-Trøndelag,16,1662 Klæbu,Klæbu,1662
17 Nord-Trøndelag,Nord-Trøndelag,17,1711 Meråker,Meråker,1711
17 Nord-Trøndelag,Nord-Trøndelag,17,1736 Snåsa,Snåsa,1736
18 Nordland,Nordland,18,1832 Hemnes,Hemnes,1832
18 Nordland,Nordland,18,1833 Rana,Rana,1833
18 Nordland,Nordland,18,1837 Meløy,Meløy,1837
18 Nordland,Nordland,18,1870 Sortland,Sortland,1870
09 Aust-Agder,Aust-Agder,09,0940 Valle,Valle,0940
10 Vest-Agder,Vest-Agder,10,1014 Vennesla,Vennesla,1014
10 Vest-Agder,Vest-Agder,10,1017 Songdalen,Songdalen,1017
11 Rogaland,Rogaland,11,1102 Sandnes,Sandnes,1102
11 Rogaland,Rogaland,11,1121 Time,Time,1121
12 Hordaland,Hordaland,12,1253 Osterøy,Osterøy,1253
14 Sogn og Fjordane,Sogn og Fjordane,14,1419 Leikanger,Leikanger,1419
14 Sogn og Fjordane,Sogn og Fjordane,14,1426 Luster,Luster,1426
14 Sogn og Fjordane,Sogn og Fjordane,14,1439 Vågsøy,Vågsøy,1439
05 Oppland,Oppland,05,0532 Jevnaker,Jevnaker,0532
05 Oppland,Oppland,05,0542 Nord-Aurdal,Nord-Aurdal,0542
06 Buskerud,Buskerud,06,0604 Kongsberg,Kongsberg,0604
06 Buskerud,Buskerud,06,0612 Hole,Hole,0612
06 Buskerud,Buskerud,06,0631 Flesberg,Flesberg,0631
07 Vestfold,Vestfold,07,0709 Larvik,Larvik,0709
19 Troms,Troms,19,1903 Harstad,Harstad,1903
07 Vestfold,Vestfold,07,0716 Re,Re,0716
08 Telemark,Telemark,08,0807 Notodden,Notodden,0807
08 Telemark,Telemark,08,0815 Kragerø,Kragerø,0815
08 Telemark,Telemark,08,0831 Fyresdal,Fyresdal,0831
09 Aust-Agder,Aust-Agder,09,0901 Risør,Risør,0901
09 Aust-Agder,Aust-Agder,09,0919 Froland,Froland,0919
02 Akershus,Akershus,02,0227 Fet,Fet,0227
04 Hedmark,Hedmark,04,0439 Folldal,Folldal,0439
17 Nord-Trøndelag,Nord-Trøndelag,17,1738 Lierne,Lierne,1738
18 Nordland,Nordland,18,1851 Lødingen,Lødingen,1851
19 Troms,Troms,19,1938 Lyngen,Lyngen,1938
20 Finnmark,Finnmark,20,2015 Hasvik,Hasvik,2015
12 Hordaland,Hordaland,12,1227 Jondal,Jondal,1227
04 Hedmark,Hedmark,04,0434 Engerdal,Engerdal,0434
15 Møre og Romsdal,Møre og Romsdal,15,1519 Volda,Volda,1519
15 Møre og Romsdal,Møre og Romsdal,15,1563 Sunndal,Sunndal,1563
16 Sør-Trøndelag,Sør-Trøndelag,16,1617 Hitra,Hitra,1617
16 Sør-Trøndelag,Sør-Trøndelag,16,1635 Rennebu,Rennebu,1635
16 Sør-Trøndelag,Sør-Trøndelag,16,1663 Malvik,Malvik,1663
17 Nord-Trøndelag,Nord-Trøndelag,17,1718 Leksvik,Leksvik,1718
17 Nord-Trøndelag,Nord-Trøndelag,17,1724 Verran,Verran,1724
18 Nordland,Nordland,18,1805 Narvik,Narvik,1805
18 Nordland,Nordland,18,1827 Dønna,Dønna,1827
18 Nordland,Nordland,18,1848 Steigen,Steigen,1848
18 Nordland,Nordland,18,1852 Tjeldsund,Tjeldsund,1852
10 Vest-Agder,Vest-Agder,10,1002 Mandal,Mandal,1002
10 Vest-Agder,Vest-Agder,10,1003 Farsund,Farsund,1003
10 Vest-Agder,Vest-Agder,10,1029 Lindesnes,Lindesnes,1029
10 Vest-Agder,Vest-Agder,10,1034 Hægebostad,Hægebostad,1034
11 Rogaland,Rogaland,11,1111 Sokndal,Sokndal,1111
11 Rogaland,Rogaland,11,1124 Sola,Sola,1124
11 Rogaland,Rogaland,11,1141 Finnøy,Finnøy,1141
12 Hordaland,Hordaland,12,1263 Lindås,Lindås,1263
14 Sogn og Fjordane,Sogn og Fjordane,14,1401 Flora,Flora,1401
14 Sogn og Fjordane,Sogn og Fjordane,14,1411 Gulen,Gulen,1411
14 Sogn og Fjordane,Sogn og Fjordane,14,1422 Lærdal,Lærdal,1422
14 Sogn og Fjordane,Sogn og Fjordane,14,1430 Gaular,Gaular,1430
14 Sogn og Fjordane,Sogn og Fjordane,14,1433 Naustdal,Naustdal,1433
15 Møre og Romsdal,Møre og Romsdal,15,1511 Vanylven,Vanylven,1511
07 Vestfold,Vestfold,07,0713 Sande,Sande,0713
08 Telemark,Telemark,08,0822 Sauherad,Sauherad,0822
01 Østfold,Østfold,01,0106 Fredrikstad,Fredrikstad,0106
02 Akershus,Akershus,02,0217 Oppegård,Oppegård,0217
02 Akershus,Akershus,02,0231 Skedsmo,Skedsmo,0231
04 Hedmark,Hedmark,04,0402 Kongsvinger,Kongsvinger,0402
04 Hedmark,Hedmark,04,0412 Ringsaker,Ringsaker,0412
04 Hedmark,Hedmark,04,0437 Tynset,Tynset,0437
19 Troms,Troms,19,1902 Tromsø,Tromsø,1902
19 Troms,Troms,19,1926 Dyrøy,Dyrøy,1926
20 Finnmark,Finnmark,20,2023 Gamvik,Gamvik,2023
20 Finnmark,Finnmark,20,2025 Deatnu Tana,Deatnu Tana,2025
20 Finnmark,Finnmark,20,2022 Lebesby,Lebesby,2022
05 Oppland,Oppland,05,0511 Dovre,Dovre,0511
15 Møre og Romsdal,Møre og Romsdal,15,1532 Giske,Giske,1532
15 Møre og Romsdal,Møre og Romsdal,15,1571 Halsa,Halsa,1571
15 Møre og Romsdal,Møre og Romsdal,15,1576 Aure,Aure,1576
16 Sør-Trøndelag,Sør-Trøndelag,16,1601 Trondheim,Trondheim,1601
16 Sør-Trøndelag,Sør-Trøndelag,16,1613 Snillfjord,Snillfjord,1613
16 Sør-Trøndelag,Sør-Trøndelag,16,1621 Ørland,Ørland,1621
16 Sør-Trøndelag,Sør-Trøndelag,16,1627 Bjugn,Bjugn,1627
16 Sør-Trøndelag,Sør-Trøndelag,16,1648 Midtre Gauldal,Midtre Gauldal,1648
16 Sør-Trøndelag,Sør-Trøndelag,16,1653 Melhus,Melhus,1653
17 Nord-Trøndelag,Nord-Trøndelag,17,1714 Stjørdal,Stjørdal,1714
17 Nord-Trøndelag,Nord-Trøndelag,17,1739 Røyrvik,Røyrvik,1739
17 Nord-Trøndelag,Nord-Trøndelag,17,1744 Overhalla,Overhalla,1744
17 Nord-Trøndelag,Nord-Trøndelag,17,1749 Flatanger,Flatanger,1749
18 Nordland,Nordland,18,1824 Vefsn,Vefsn,1824
18 Nordland,Nordland,18,1825 Grane,Grane,1825
18 Nordland,Nordland,18,1826 Hattfjelldal,Hattfjelldal,1826
18 Nordland,Nordland,18,1841 Fauske,Fauske,1841
10 Vest-Agder,Vest-Agder,10,1004 Flekkefjord,Flekkefjord,1004
10 Vest-Agder,Vest-Agder,10,1046 Sirdal,Sirdal,1046
11 Rogaland,Rogaland,11,1101 Eigersund,Eigersund,1101
11 Rogaland,Rogaland,11,1106 Haugesund,Haugesund,1106
11 Rogaland,Rogaland,11,1127 Randaberg,Randaberg,1127
12 Hordaland,Hordaland,12,1211 Etne,Etne,1211
12 Hordaland,Hordaland,12,1219 Bømlo,Bømlo,1219
12 Hordaland,Hordaland,12,1228 Odda,Odda,1228
12 Hordaland,Hordaland,12,1235 Voss,Voss,1235
12 Hordaland,Hordaland,12,1251 Vaksdal,Vaksdal,1251
05 Oppland,Oppland,05,0543 Vestre Slidre,Vestre Slidre,0543
07 Vestfold,Vestfold,07,0711 Svelvik,Svelvik,0711
07 Vestfold,Vestfold,07,0714 Hof,Hof,0714
07 Vestfold,Vestfold,07,0728 Lardal,Lardal,0728
08 Telemark,Telemark,08,0805 Porsgrunn,Porsgrunn,0805
08 Telemark,Telemark,08,0806 Skien,Skien,0806
08 Telemark,Telemark,08,0819 Nome,Nome,0819
09 Aust-Agder,Aust-Agder,09,0911 Gjerstad,Gjerstad,0911
01 Østfold,Østfold,01,0104 Moss,Moss,0104
01 Østfold,Østfold,01,0125 Eidsberg,Eidsberg,0125
01 Østfold,Østfold,01,0128 Rakkestad,Rakkestad,0128
01 Østfold,Østfold,01,0135 Råde,Råde,0135
01 Østfold,Østfold,01,0138 Hobøl,Hobøl,0138
02 Akershus,Akershus,02,0213 Ski,Ski,0213
04 Hedmark,Hedmark,04,0417 Stange,Stange,0417
04 Hedmark,Hedmark,04,0419 Sør-Odal,Sør-Odal,0419
04 Hedmark,Hedmark,04,0426 Våler,Våler,0426
05 Oppland,Oppland,05,0528 Østre Toten,Østre Toten,0528
02 Akershus,Akershus,02,0237 Eidsvoll,Eidsvoll,0237
04 Hedmark,Hedmark,04,0418 Nord-Odal,Nord-Odal,0418
05 Oppland,Oppland,05,0520 Ringebu,Ringebu,0520
17 Nord-Trøndelag,Nord-Trøndelag,17,1743 Høylandet,Høylandet,1743
19 Troms,Troms,19,1911 Kvæfjord,Kvæfjord,1911
19 Troms,Troms,19,1927 Tranøy,Tranøy,1927
19 Troms,Troms,19,1942 Nordreisa,Nordreisa,1942
19 Troms,Troms,19,1943 Kvænangen,Kvænangen,1943
20 Finnmark,Finnmark,20,2012 Alta,Alta,2012
20 Finnmark,Finnmark,20,2020 Porsanger Porsángu Porsanki,Porsanger Porsángu Porsanki,2020
19 Troms,Troms,19,1923 Salangen,Salangen,1923
20 Finnmark,Finnmark,20,2014 Loppa,Loppa,2014
01 Østfold,Østfold,01,0121 Rømskog,Rømskog,0121
12 Hordaland,Hordaland,12,1252 Modalen,Modalen,1252
14 Sogn og Fjordane,Sogn og Fjordane,14,1413 Hyllestad,Hyllestad,1413
20 Finnmark,Finnmark,20,2002 Vardø,Vardø,2002
05 Oppland,Oppland,05,0514 Lom,Lom,0514
05 Oppland,Oppland,05,0515 Vågå,Vågå,0515
06 Buskerud,Buskerud,06,0601 Ringerike,Ringerike,0601
15 Møre og Romsdal,Møre og Romsdal,15,1531 Sula,Sula,1531
15 Møre og Romsdal,Møre og Romsdal,15,1547 Aukra,Aukra,1547
16 Sør-Trøndelag,Sør-Trøndelag,16,1612 Hemne,Hemne,1612
16 Sør-Trøndelag,Sør-Trøndelag,16,1622 Agdenes,Agdenes,1622
16 Sør-Trøndelag,Sør-Trøndelag,16,1624 Rissa,Rissa,1624
16 Sør-Trøndelag,Sør-Trøndelag,16,1636 Meldal,Meldal,1636
17 Nord-Trøndelag,Nord-Trøndelag,17,1702 Steinkjer,Steinkjer,1702
18 Nordland,Nordland,18,1812 Sømna,Sømna,1812
18 Nordland,Nordland,18,1820 Alstahaug,Alstahaug,1820
18 Nordland,Nordland,18,1828 Nesna,Nesna,1828
18 Nordland,Nordland,18,1836 Rødøy,Rødøy,1836
18 Nordland,Nordland,18,1838 Gildeskål,Gildeskål,1838
18 Nordland,Nordland,18,1840 Saltdal,Saltdal,1840
18 Nordland,Nordland,18,1845 Sørfold,Sørfold,1845
18 Nordland,Nordland,18,1849 Hamarøy,Hamarøy,1849
18 Nordland,Nordland,18,1866 Hadsel,Hadsel,1866
11 Rogaland,Rogaland,11,1114 Bjerkreim,Bjerkreim,1114
12 Hordaland,Hordaland,12,1224 Kvinnherad,Kvinnherad,1224
12 Hordaland,Hordaland,12,1242 Samnanger,Samnanger,1242
12 Hordaland,Hordaland,12,1266 Masfjorden,Masfjorden,1266
14 Sogn og Fjordane,Sogn og Fjordane,14,1416 Høyanger,Høyanger,1416
14 Sogn og Fjordane,Sogn og Fjordane,14,1417 Vik,Vik,1417
14 Sogn og Fjordane,Sogn og Fjordane,14,1424 Årdal,Årdal,1424
14 Sogn og Fjordane,Sogn og Fjordane,14,1432 Førde,Førde,1432
14 Sogn og Fjordane,Sogn og Fjordane,14,1444 Hornindal,Hornindal,1444
14 Sogn og Fjordane,Sogn og Fjordane,14,1445 Gloppen,Gloppen,1445
15 Møre og Romsdal,Møre og Romsdal,15,1504 Ålesund,Ålesund,1504
05 Oppland,Oppland,05,0534 Gran,Gran,0534
05 Oppland,Oppland,05,0540 Sør-Aurdal,Sør-Aurdal,0540
05 Oppland,Oppland,05,0545 Vang,Vang,0545
06 Buskerud,Buskerud,06,0602 Drammen,Drammen,0602
06 Buskerud,Buskerud,06,0628 Hurum,Hurum,0628
06 Buskerud,Buskerud,06,0632 Rollag,Rollag,0632
15 Møre og Romsdal,Møre og Romsdal,15,1505 Kristiansund,Kristiansund,1505
07 Vestfold,Vestfold,07,0720 Stokke,Stokke,0720
08 Telemark,Telemark,08,0817 Drangedal,Drangedal,0817
08 Telemark,Telemark,08,0829 Kviteseid,Kviteseid,0829
08 Telemark,Telemark,08,0834 Vinje,Vinje,0834
09 Aust-Agder,Aust-Agder,09,0914 Tvedestrand,Tvedestrand,0914
02 Akershus,Akershus,02,0228 Rælingen,Rælingen,0228
02 Akershus,Akershus,02,0234 Gjerdrum,Gjerdrum,0234
02 Akershus,Akershus,02,0236 Nes,Nes,0236
03 Oslo,Oslo,03,0301 Oslo,Oslo,0301
04 Hedmark,Hedmark,04,0423 Grue,Grue,0423
05 Oppland,Oppland,05,0522 Gausdal,Gausdal,0522
19 Troms,Troms,19,1913 Skånland,Skånland,1913
19 Troms,Troms,19,1922 Bardu,Bardu,1922
19 Troms,Troms,19,1925 Sørreisa,Sørreisa,1925
19 Troms,Troms,19,1933 Balsfjord,Balsfjord,1933
20 Finnmark,Finnmark,20,2004 Hammerfest,Hammerfest,2004
20 Finnmark,Finnmark,20,2024 Berlevåg,Berlevåg,2024
01 Østfold,Østfold,01,0123 Spydeberg,Spydeberg,0123
12 Hordaland,Hordaland,12,1231 Ullensvang,Ullensvang,1231
15 Møre og Romsdal,Møre og Romsdal,15,1526 Stordal,Stordal,1526
15 Møre og Romsdal,Møre og Romsdal,15,1529 Skodje,Skodje,1529
20 Finnmark,Finnmark,20,2011 Guovdageaidnu Kautokeino,Guovdageaidnu Kautokeino,2011
18 Nordland,Nordland,18,1816 Vevelstad,Vevelstad,1816
06 Buskerud,Buskerud,06,0618 Hemsedal,Hemsedal,0618
15 Møre og Romsdal,Møre og Romsdal,15,1556 Frei,Frei,1556
15 Møre og Romsdal,Møre og Romsdal,15,1524 Norddal,Norddal,1524
15 Møre og Romsdal,Møre og Romsdal,15,1535 Vestnes,Vestnes,1535
15 Møre og Romsdal,Møre og Romsdal,15,1545 Midsund,Midsund,1545
15 Møre og Romsdal,Møre og Romsdal,15,1554 Averøy,Averøy,1554
15 Møre og Romsdal,Møre og Romsdal,15,1560 Tingvoll,Tingvoll,1560
15 Møre og Romsdal,Møre og Romsdal,15,1567 Rindal,Rindal,1567
16 Sør-Trøndelag,Sør-Trøndelag,16,1630 Åfjord,Åfjord,1630
16 Sør-Trøndelag,Sør-Trøndelag,16,1657 Skaun,Skaun,1657
16 Sør-Trøndelag,Sør-Trøndelag,16,1664 Selbu,Selbu,1664
17 Nord-Trøndelag,Nord-Trøndelag,17,1703 Namsos,Namsos,1703
17 Nord-Trøndelag,Nord-Trøndelag,17,1725 Namdalseid,Namdalseid,1725
17 Nord-Trøndelag,Nord-Trøndelag,17,1751 Nærøy,Nærøy,1751
18 Nordland,Nordland,18,1854 Ballangen,Ballangen,1854
18 Nordland,Nordland,18,1860 Vestvågøy,Vestvågøy,1860
18 Nordland,Nordland,18,1865 Vågan,Vågan,1865
18 Nordland,Nordland,18,1874 Moskenes,Moskenes,1874
10 Vest-Agder,Vest-Agder,10,1032 Lyngdal,Lyngdal,1032
11 Rogaland,Rogaland,11,1103 Stavanger,Stavanger,1103
11 Rogaland,Rogaland,11,1142 Rennesøy,Rennesøy,1142
11 Rogaland,Rogaland,11,1145 Bokn,Bokn,1145
11 Rogaland,Rogaland,11,1146 Tysvær,Tysvær,1146
12 Hordaland,Hordaland,12,1201 Bergen,Bergen,1201
12 Hordaland,Hordaland,12,1221 Stord,Stord,1221
12 Hordaland,Hordaland,12,1238 Kvam,Kvam,1238
12 Hordaland,Hordaland,12,1245 Sund,Sund,1245
12 Hordaland,Hordaland,12,1246 Fjell,Fjell,1246
14 Sogn og Fjordane,Sogn og Fjordane,14,1412 Solund,Solund,1412
14 Sogn og Fjordane,Sogn og Fjordane,14,1418 Balestrand,Balestrand,1418
14 Sogn og Fjordane,Sogn og Fjordane,14,1421 Aurland,Aurland,1421
14 Sogn og Fjordane,Sogn og Fjordane,14,1441 Selje,Selje,1441
14 Sogn og Fjordane,Sogn og Fjordane,14,1449 Stryn,Stryn,1449
05 Oppland,Oppland,05,0533 Lunner,Lunner,0533
06 Buskerud,Buskerud,06,0615 Flå,Flå,0615
06 Buskerud,Buskerud,06,0621 Sigdal,Sigdal,0621
06 Buskerud,Buskerud,06,0623 Modum,Modum,0623
06 Buskerud,Buskerud,06,0625 Nedre Eiker,Nedre Eiker,0625
07 Vestfold,Vestfold,07,0722 Nøtterøy,Nøtterøy,0722
08 Telemark,Telemark,08,0814 Bamble,Bamble,0814
08 Telemark,Telemark,08,0826 Tinn,Tinn,0826
08 Telemark,Telemark,08,0828 Seljord,Seljord,0828
09 Aust-Agder,Aust-Agder,09,0928 Birkenes,Birkenes,0928
01 Østfold,Østfold,01,0122 Trøgstad,Trøgstad,0122
02 Akershus,Akershus,02,0214 Ås,Ås,0214
02 Akershus,Akershus,02,0215 Frogn,Frogn,0215
02 Akershus,Akershus,02,0229 Enebakk,Enebakk,0229
02 Akershus,Akershus,02,0233 Nittedal,Nittedal,0233
04 Hedmark,Hedmark,04,0403 Hamar,Hamar,0403
04 Hedmark,Hedmark,04,0415 Løten,Løten,0415
04 Hedmark,Hedmark,04,0420 Eidskog,Eidskog,0420
04 Hedmark,Hedmark,04,0427 Elverum,Elverum,0427
04 Hedmark,Hedmark,04,0441 Os,Os,0441
05 Oppland,Oppland,05,0502 Gjøvik,Gjøvik,0502
05 Oppland,Oppland,05,0516 Nord-Fron,Nord-Fron,0516
04 Hedmark,Hedmark,04,0429 Åmot,Åmot,0429
18 Nordland,Nordland,18,1853 Evenes,Evenes,1853
19 Troms,Troms,19,1924 Målselv,Målselv,1924
19 Troms,Troms,19,1939 Storfjord,Storfjord,1939
20 Finnmark,Finnmark,20,2027 Unjárga Nesseby,Unjárga Nesseby,2027
01 Østfold,Østfold,01,0119 Marker,Marker,0119
15 Møre og Romsdal,Møre og Romsdal,15,1514 Sande,Sande,1514
12 Hordaland,Hordaland,12,1265 Fedje,Fedje,1265
19 Troms,Troms,19,1929 Berg,Berg,1929
04 Hedmark,Hedmark,04,0438 Alvdal,Alvdal,0438
11 Rogaland,Rogaland,11,1151 Utsira,Utsira,1151
15 Møre og Romsdal,Møre og Romsdal,15,1539 Rauma,Rauma,1539
15 Møre og Romsdal,Møre og Romsdal,15,1546 Sandøy,Sandøy,1546
16 Sør-Trøndelag,Sør-Trøndelag,16,1620 Frøya,Frøya,1620
18 Nordland,Nordland,18,1804 Bodø,Bodø,1804
18 Nordland,Nordland,18,1813 Brønnøy,Brønnøy,1813
18 Nordland,Nordland,18,1822 Leirfjord,Leirfjord,1822
18 Nordland,Nordland,18,1834 Lurøy,Lurøy,1834
09 Aust-Agder,Aust-Agder,09,0937 Evje og Hornnes,Evje og Hornnes,0937
09 Aust-Agder,Aust-Agder,09,0938 Bygland,Bygland,0938
10 Vest-Agder,Vest-Agder,10,1001 Kristiansand,Kristiansand,1001
10 Vest-Agder,Vest-Agder,10,1021 Marnardal,Marnardal,1021
11 Rogaland,Rogaland,11,1112 Lund,Lund,1112
11 Rogaland,Rogaland,11,1149 Karmøy,Karmøy,1149
12 Hordaland,Hordaland,12,1223 Tysnes,Tysnes,1223
12 Hordaland,Hordaland,12,1243 Os,Os,1243
12 Hordaland,Hordaland,12,1244 Austevoll,Austevoll,1244
12 Hordaland,Hordaland,12,1259 Øygarden,Øygarden,1259
12 Hordaland,Hordaland,12,1260 Radøy,Radøy,1260
14 Sogn og Fjordane,Sogn og Fjordane,14,1443 Eid,Eid,1443
05 Oppland,Oppland,05,0538 Nordre Land,Nordre Land,0538
05 Oppland,Oppland,05,0541 Etnedal,Etnedal,0541
05 Oppland,Oppland,05,0544 Øystre Slidre,Øystre Slidre,0544
06 Buskerud,Buskerud,06,0605 Ringerike,Ringerike,0605
06 Buskerud,Buskerud,06,0617 Gol,Gol,0617
06 Buskerud,Buskerud,06,0626 Lier,Lier,0626
06 Buskerud,Buskerud,06,0627 Røyken,Røyken,0627
06 Buskerud,Buskerud,06,0633 Nore og Uvdal,Nore og Uvdal,0633
07 Vestfold,Vestfold,07,0706 Sandefjord,Sandefjord,0706
17 Nord-Trøndelag,Nord-Trøndelag,17,1756 Inderøy,Inderøy,1756
07 Vestfold,Vestfold,07,0719 Andebu,Andebu,0719
07 Vestfold,Vestfold,07,0723 Tjøme,Tjøme,0723
08 Telemark,Telemark,08,0821 Bø,Bø,0821
09 Aust-Agder,Aust-Agder,09,0912 Vegårshei,Vegårshei,0912
09 Aust-Agder,Aust-Agder,09,0941 Bykle,Bykle,0941
02 Akershus,Akershus,02,0220 Asker,Asker,0220
02 Akershus,Akershus,02,0226 Sørum,Sørum,0226
02 Akershus,Akershus,02,0235 Ullensaker,Ullensaker,0235
04 Hedmark,Hedmark,04,0428 Trysil,Trysil,0428
05 Oppland,Oppland,05,0517 Sel,Sel,0517
05 Oppland,Oppland,05,0521 Øyer,Øyer,0521
19 Troms,Troms,19,1917 Ibestad,Ibestad,1917
19 Troms,Troms,19,1928 Torsken,Torsken,1928
19 Troms,Troms,19,1941 Skjervøy,Skjervøy,1941
20 Finnmark,Finnmark,20,2019 Nordkapp,Nordkapp,2019
01 Østfold,Østfold,01,0101 Halden,Halden,0101
01 Østfold,Østfold,01,0111 Hvaler,Hvaler,0111
02 Akershus,Akershus,02,0238 Nannestad,Nannestad,0238
02 Akershus,Akershus,02,0239 Hurdal,Hurdal,0239
11 Rogaland,Rogaland,11,1129 Forsand,Forsand,1129
15 Møre og Romsdal,Møre og Romsdal,15,1517 Hareid,Hareid,1517
16 Sør-Trøndelag,Sør-Trøndelag,16,1665 Tydal,Tydal,1665
10 Vest-Agder,Vest-Agder,10,1026 Åseral,Åseral,1026
18 Nordland,Nordland,18,1835 Træna,Træna,1835
15 Møre og Romsdal,Møre og Romsdal,15,1503 Kristiansund,Kristiansund,1503
15 Møre og Romsdal,Møre og Romsdal,15,1528 Sykkylven,Sykkylven,1528
15 Møre og Romsdal,Møre og Romsdal,15,1551 Eide,Eide,1551
15 Møre og Romsdal,Møre og Romsdal,15,1557 Gjemnes,Gjemnes,1557
16 Sør-Trøndelag,Sør-Trøndelag,16,1632 Roan,Roan,1632
16 Sør-Trøndelag,Sør-Trøndelag,16,1634 Oppdal,Oppdal,1634
17 Nord-Trøndelag,Nord-Trøndelag,17,1719 Levanger,Levanger,1719
17 Nord-Trøndelag,Nord-Trøndelag,17,1721 Verdal,Verdal,1721
17 Nord-Trøndelag,Nord-Trøndelag,17,1748 Fosnes,Fosnes,1748
17 Nord-Trøndelag,Nord-Trøndelag,17,1755 Leka,Leka,1755
18 Nordland,Nordland,18,1811 Bindal,Bindal,1811
18 Nordland,Nordland,18,1815 Vega,Vega,1815
18 Nordland,Nordland,18,1850 Tysfjord,Tysfjord,1850
18 Nordland,Nordland,18,1859 Flakstad,Flakstad,1859
18 Nordland,Nordland,18,1867 Bø,Bø,1867
18 Nordland,Nordland,18,1868 Øksnes,Øksnes,1868
09 Aust-Agder,Aust-Agder,09,0935 Iveland,Iveland,0935
11 Rogaland,Rogaland,11,1122 Gjesdal,Gjesdal,1122
11 Rogaland,Rogaland,11,1133 Hjelmeland,Hjelmeland,1133
11 Rogaland,Rogaland,11,1135 Sauda,Sauda,1135
11 Rogaland,Rogaland,11,1160 Vindafjord,Vindafjord,1160
12 Hordaland,Hordaland,12,1222 Fitjar,Fitjar,1222
12 Hordaland,Hordaland,12,1234 Granvin,Granvin,1234
12 Hordaland,Hordaland,12,1247 Askøy,Askøy,1247
12 Hordaland,Hordaland,12,1256 Meland,Meland,1256
12 Hordaland,Hordaland,12,1264 Austrheim,Austrheim,1264
14 Sogn og Fjordane,Sogn og Fjordane,14,1431 Jølster,Jølster,1431
14 Sogn og Fjordane,Sogn og Fjordane,14,1438 Bremanger,Bremanger,1438
05 Oppland,Oppland,05,0529 Vestre Toten,Vestre Toten,0529
06 Buskerud,Buskerud,06,0616 Nes,Nes,0616
06 Buskerud,Buskerud,06,0619 Ål,Ål,0619
07 Vestfold,Vestfold,07,0702 Holmestrand,Holmestrand,0702
07 Vestfold,Vestfold,07,0704 Tønsberg,Tønsberg,0704
08 Telemark,Telemark,08,0827 Hjartdal,Hjartdal,0827
08 Telemark,Telemark,08,0833 Tokke,Tokke,0833
09 Aust-Agder,Aust-Agder,09,0904 Grimstad,Grimstad,0904
09 Aust-Agder,Aust-Agder,09,0929 Åmli,Åmli,0929
01 Østfold,Østfold,01,0105 Sarpsborg,Sarpsborg,0105
02 Akershus,Akershus,02,0219 Bærum,Bærum,0219
02 Akershus,Akershus,02,0221 Aurskog-Høland,Aurskog-Høland,0221
02 Akershus,Akershus,02,0230 Lørenskog,Lørenskog,0230
04 Hedmark,Hedmark,04,0425 Åsnes,Åsnes,0425
04 Hedmark,Hedmark,04,0430 Stor-Elvdal,Stor-Elvdal,0430
04 Hedmark,Hedmark,04,0432 Rendalen,Rendalen,0432
05 Oppland,Oppland,05,0519 Sør-Fron,Sør-Fron,0519
19 Troms,Troms,19,1940 Gáivuotna Kåfjord,Gáivuotna Kåfjord,1940
20 Finnmark,Finnmark,20,2017 Kvalsund,Kvalsund,2017
20 Finnmark,Finnmark,20,2021 Kárásjohka Karasjok,Kárásjohka Karasjok,2021
01 Østfold,Østfold,01,0124 Askim,Askim,0124
01 Østfold,Østfold,01,0127 Skiptvet,Skiptvet,0127
19 Troms,Troms,19,1919 Gratangen,Gratangen,1919
20 Finnmark,Finnmark,20,2018 Måsøy,Måsøy,2018
18 Nordland,Nordland,18,1857 Værøy,Værøy,1857
19 Troms,Troms,19,1920 Lavangen,Lavangen,1920
04 Hedmark,Hedmark,04,0436 Tolga,Tolga,0436
18 Nordland,Nordland,18,1856 Røst,Røst,1856